-- MySQL dump 10.13  Distrib 8.0.46, for Win64 (x86_64)
--
-- Host: 127.0.0.1    Database: hotelmanager
-- ------------------------------------------------------
-- Server version	9.7.0

/*!40101 SET @OLD_CHARACTER_SET_CLIENT=@@CHARACTER_SET_CLIENT */;
/*!40101 SET @OLD_CHARACTER_SET_RESULTS=@@CHARACTER_SET_RESULTS */;
/*!40101 SET @OLD_COLLATION_CONNECTION=@@COLLATION_CONNECTION */;
/*!50503 SET NAMES utf8 */;
/*!40103 SET @OLD_TIME_ZONE=@@TIME_ZONE */;
/*!40103 SET TIME_ZONE='+00:00' */;
/*!40014 SET @OLD_UNIQUE_CHECKS=@@UNIQUE_CHECKS, UNIQUE_CHECKS=0 */;
/*!40014 SET @OLD_FOREIGN_KEY_CHECKS=@@FOREIGN_KEY_CHECKS, FOREIGN_KEY_CHECKS=0 */;
/*!40101 SET @OLD_SQL_MODE=@@SQL_MODE, SQL_MODE='NO_AUTO_VALUE_ON_ZERO' */;
/*!40111 SET @OLD_SQL_NOTES=@@SQL_NOTES, SQL_NOTES=0 */;
SET @MYSQLDUMP_TEMP_LOG_BIN = @@SESSION.SQL_LOG_BIN;
SET @@SESSION.SQL_LOG_BIN= 0;

--
-- GTID state at the beginning of the backup 
--

SET @@GLOBAL.GTID_PURGED=/*!80000 '+'*/ '712b8e60-5340-11f1-84e7-f426791b2ad2:1-102';

--
-- Table structure for table `booking_services`
--

DROP TABLE IF EXISTS `booking_services`;
/*!40101 SET @saved_cs_client     = @@character_set_client */;
/*!50503 SET character_set_client = utf8mb4 */;
CREATE TABLE `booking_services` (
  `booking_id` int NOT NULL,
  `service_id` int NOT NULL,
  `quantity` int DEFAULT '1',
  PRIMARY KEY (`booking_id`,`service_id`),
  KEY `service_id` (`service_id`),
  CONSTRAINT `booking_services_ibfk_1` FOREIGN KEY (`booking_id`) REFERENCES `bookings` (`id`),
  CONSTRAINT `booking_services_ibfk_2` FOREIGN KEY (`service_id`) REFERENCES `services` (`id`)
) ENGINE=InnoDB DEFAULT CHARSET=utf8mb4 COLLATE=utf8mb4_0900_ai_ci;
/*!40101 SET character_set_client = @saved_cs_client */;

--
-- Dumping data for table `booking_services`
--

LOCK TABLES `booking_services` WRITE;
/*!40000 ALTER TABLE `booking_services` DISABLE KEYS */;
INSERT INTO `booking_services` VALUES (1,1,2),(1,2,1),(2,4,1);
/*!40000 ALTER TABLE `booking_services` ENABLE KEYS */;
UNLOCK TABLES;

--
-- Table structure for table `bookings`
--

DROP TABLE IF EXISTS `bookings`;
/*!40101 SET @saved_cs_client     = @@character_set_client */;
/*!50503 SET character_set_client = utf8mb4 */;
CREATE TABLE `bookings` (
  `id` int NOT NULL AUTO_INCREMENT,
  `customer_id` int NOT NULL,
  `room_id` int NOT NULL,
  `check_in` date NOT NULL,
  `check_out` date NOT NULL,
  `adults` int DEFAULT '1',
  `children` int DEFAULT '0',
  `total_amount` decimal(10,2) DEFAULT NULL,
  `status` varchar(50) DEFAULT NULL,
  `created_at` timestamp NULL DEFAULT CURRENT_TIMESTAMP,
  PRIMARY KEY (`id`),
  KEY `customer_id` (`customer_id`),
  KEY `room_id` (`room_id`),
  CONSTRAINT `bookings_ibfk_1` FOREIGN KEY (`customer_id`) REFERENCES `customers` (`id`),
  CONSTRAINT `bookings_ibfk_2` FOREIGN KEY (`room_id`) REFERENCES `rooms` (`id`)
) ENGINE=InnoDB AUTO_INCREMENT=7 DEFAULT CHARSET=utf8mb4 COLLATE=utf8mb4_0900_ai_ci;
/*!40101 SET character_set_client = @saved_cs_client */;

--
-- Dumping data for table `bookings`
--

LOCK TABLES `bookings` WRITE;
/*!40000 ALTER TABLE `bookings` DISABLE KEYS */;
INSERT INTO `bookings` VALUES (1,1,2,'2026-05-20','2026-05-22',2,0,1000000.00,'─É├Ż x├Īc nhß║Łn','2026-05-19 05:40:40'),(2,2,30,'2026-05-17','2026-05-21',2,1,6000000.00,'─É├Ż trß║Ż ph├▓ng','2026-05-19 05:40:40');
/*!40000 ALTER TABLE `bookings` ENABLE KEYS */;
UNLOCK TABLES;

--
-- Table structure for table `customers`
--

DROP TABLE IF EXISTS `customers`;
/*!40101 SET @saved_cs_client     = @@character_set_client */;
/*!50503 SET character_set_client = utf8mb4 */;
CREATE TABLE `customers` (
  `id` int NOT NULL AUTO_INCREMENT,
  `full_name` varchar(100) NOT NULL,
  `phone` varchar(20) DEFAULT NULL,
  `email` varchar(100) DEFAULT NULL,
  `address` text,
  `citizen_id` varchar(30) DEFAULT NULL,
  `created_at` timestamp NULL DEFAULT CURRENT_TIMESTAMP,
  PRIMARY KEY (`id`)
) ENGINE=InnoDB AUTO_INCREMENT=3 DEFAULT CHARSET=utf8mb4 COLLATE=utf8mb4_0900_ai_ci;
/*!40101 SET character_set_client = @saved_cs_client */;

--
-- Dumping data for table `customers`
--

LOCK TABLES `customers` WRITE;
/*!40000 ALTER TABLE `customers` DISABLE KEYS */;
INSERT INTO `customers` VALUES (1,'Nguyen Van A','0901234567','a@gmail.com','Nha Trang','079123456','2026-05-19 05:40:40'),(2,'Tran Thi B','0912345678','b@gmail.com','Da Nang','079888888','2026-05-19 05:40:40');
/*!40000 ALTER TABLE `customers` ENABLE KEYS */;
UNLOCK TABLES;

--
-- Table structure for table `payments`
--

DROP TABLE IF EXISTS `payments`;
/*!40101 SET @saved_cs_client     = @@character_set_client */;
/*!50503 SET character_set_client = utf8mb4 */;
CREATE TABLE `payments` (
  `id` int NOT NULL AUTO_INCREMENT,
  `booking_id` int NOT NULL,
  `payment_date` datetime DEFAULT CURRENT_TIMESTAMP,
  `amount` decimal(10,2) NOT NULL,
  `method` enum('cash','credit_card','bank_transfer','momo') DEFAULT NULL,
  `status` enum('pending','paid','failed') DEFAULT 'pending',
  PRIMARY KEY (`id`),
  KEY `booking_id` (`booking_id`),
  CONSTRAINT `payments_ibfk_1` FOREIGN KEY (`booking_id`) REFERENCES `bookings` (`id`)
) ENGINE=InnoDB AUTO_INCREMENT=3 DEFAULT CHARSET=utf8mb4 COLLATE=utf8mb4_0900_ai_ci;
/*!40101 SET character_set_client = @saved_cs_client */;

--
-- Dumping data for table `payments`
--

LOCK TABLES `payments` WRITE;
/*!40000 ALTER TABLE `payments` DISABLE KEYS */;
INSERT INTO `payments` VALUES (1,1,'2026-05-19 12:40:40',1000000.00,'cash','paid'),(2,2,'2026-05-19 12:40:40',3200000.00,'momo','paid');
/*!40000 ALTER TABLE `payments` ENABLE KEYS */;
UNLOCK TABLES;

--
-- Table structure for table `room_types`
--

DROP TABLE IF EXISTS `room_types`;
/*!40101 SET @saved_cs_client     = @@character_set_client */;
/*!50503 SET character_set_client = utf8mb4 */;
CREATE TABLE `room_types` (
  `id` int NOT NULL AUTO_INCREMENT,
  `name` varchar(50) NOT NULL,
  `price` decimal(10,2) NOT NULL,
  `capacity` int DEFAULT '1',
  `description` text,
  PRIMARY KEY (`id`)
) ENGINE=InnoDB AUTO_INCREMENT=4 DEFAULT CHARSET=utf8mb4 COLLATE=utf8mb4_0900_ai_ci;
/*!40101 SET character_set_client = @saved_cs_client */;

--
-- Dumping data for table `room_types`
--

LOCK TABLES `room_types` WRITE;
/*!40000 ALTER TABLE `room_types` DISABLE KEYS */;
INSERT INTO `room_types` VALUES (1,'Standard',500000.00,2,'Phong tieu chuan'),(2,'Deluxe',800000.00,3,'Phong cao cap'),(3,'Suite',1500000.00,4,'Phong VIP');
/*!40000 ALTER TABLE `room_types` ENABLE KEYS */;
UNLOCK TABLES;

--
-- Table structure for table `rooms`
--

DROP TABLE IF EXISTS `rooms`;
/*!40101 SET @saved_cs_client     = @@character_set_client */;
/*!50503 SET character_set_client = utf8mb4 */;
CREATE TABLE `rooms` (
  `id` int NOT NULL AUTO_INCREMENT,
  `room_number` varchar(20) NOT NULL,
  `room_type_id` int DEFAULT NULL,
  `floor_number` int DEFAULT NULL,
  `status` enum('available','booked','occupied','cleaning','maintenance') DEFAULT 'available',
  PRIMARY KEY (`id`),
  UNIQUE KEY `room_number` (`room_number`),
  KEY `room_type_id` (`room_type_id`),
  CONSTRAINT `rooms_ibfk_1` FOREIGN KEY (`room_type_id`) REFERENCES `room_types` (`id`)
) ENGINE=InnoDB AUTO_INCREMENT=46 DEFAULT CHARSET=utf8mb4 COLLATE=utf8mb4_0900_ai_ci;
/*!40101 SET character_set_client = @saved_cs_client */;

--
-- Dumping data for table `rooms`
--

LOCK TABLES `rooms` WRITE;
/*!40000 ALTER TABLE `rooms` DISABLE KEYS */;
INSERT INTO `rooms` VALUES (2,'102',1,1,'booked'),(26,'101',1,1,'available'),(28,'103',2,1,'available'),(29,'104',2,1,'available'),(30,'105',3,1,'occupied'),(31,'201',1,2,'available'),(32,'202',1,2,'available'),(33,'203',2,2,'available'),(34,'204',2,2,'available'),(35,'205',3,2,'available'),(36,'301',1,3,'available'),(37,'302',1,3,'available'),(38,'303',2,3,'available'),(39,'304',2,3,'available'),(40,'305',3,3,'available'),(41,'401',1,4,'available'),(42,'402',1,4,'available'),(43,'403',2,4,'available'),(44,'404',2,4,'available'),(45,'405',3,4,'available');
/*!40000 ALTER TABLE `rooms` ENABLE KEYS */;
UNLOCK TABLES;

--
-- Table structure for table `services`
--

DROP TABLE IF EXISTS `services`;
/*!40101 SET @saved_cs_client     = @@character_set_client */;
/*!50503 SET character_set_client = utf8mb4 */;
CREATE TABLE `services` (
  `id` int NOT NULL AUTO_INCREMENT,
  `service_name` varchar(100) DEFAULT NULL,
  `price` decimal(10,2) DEFAULT NULL,
  `description` text,
  PRIMARY KEY (`id`)
) ENGINE=InnoDB AUTO_INCREMENT=5 DEFAULT CHARSET=utf8mb4 COLLATE=utf8mb4_0900_ai_ci;
/*!40101 SET character_set_client = @saved_cs_client */;

--
-- Dumping data for table `services`
--

LOCK TABLES `services` WRITE;
/*!40000 ALTER TABLE `services` DISABLE KEYS */;
INSERT INTO `services` VALUES (1,'Breakfast',100000.00,'Buffet sang'),(2,'Laundry',50000.00,'Giat ui'),(3,'Airport Pickup',300000.00,'Don san bay'),(4,'Spa',400000.00,'Massage spa');
/*!40000 ALTER TABLE `services` ENABLE KEYS */;
UNLOCK TABLES;

--
-- Table structure for table `staffs`
--

DROP TABLE IF EXISTS `staffs`;
/*!40101 SET @saved_cs_client     = @@character_set_client */;
/*!50503 SET character_set_client = utf8mb4 */;
CREATE TABLE `staffs` (
  `id` int NOT NULL AUTO_INCREMENT,
  `full_name` varchar(100) CHARACTER SET utf8mb4 COLLATE utf8mb4_unicode_ci NOT NULL,
  `birth_date` date DEFAULT NULL,
  `email` varchar(100) CHARACTER SET utf8mb4 COLLATE utf8mb4_unicode_ci NOT NULL,
  `citizen_id` varchar(30) CHARACTER SET utf8mb4 COLLATE utf8mb4_unicode_ci DEFAULT NULL,
  `phone` varchar(10) CHARACTER SET utf8mb4 COLLATE utf8mb4_unicode_ci DEFAULT NULL,
  `created_at` timestamp NOT NULL DEFAULT CURRENT_TIMESTAMP,
  PRIMARY KEY (`id`),
  UNIQUE KEY `uq_staffs_email` (`email`)
) ENGINE=InnoDB AUTO_INCREMENT=5 DEFAULT CHARSET=utf8mb4 COLLATE=utf8mb4_unicode_ci;
/*!40101 SET character_set_client = @saved_cs_client */;

--
-- Dumping data for table `staffs`
--

LOCK TABLES `staffs` WRITE;
/*!40000 ALTER TABLE `staffs` DISABLE KEYS */;
INSERT INTO `staffs` VALUES (4,'skibibi toilet','2004-02-11','dong4651050060@st.qnu.edu.vn','12345678941','0123456789','2026-06-07 09:59:48');
/*!40000 ALTER TABLE `staffs` ENABLE KEYS */;
UNLOCK TABLES;

--
-- Table structure for table `users`
--

DROP TABLE IF EXISTS `users`;
/*!40101 SET @saved_cs_client     = @@character_set_client */;
/*!50503 SET character_set_client = utf8mb4 */;
CREATE TABLE `users` (
  `id` int NOT NULL AUTO_INCREMENT,
  `full_name` varchar(100) CHARACTER SET utf8mb4 COLLATE utf8mb4_unicode_ci NOT NULL,
  `email` varchar(100) CHARACTER SET utf8mb4 COLLATE utf8mb4_unicode_ci NOT NULL,
  `password` varchar(255) CHARACTER SET utf8mb4 COLLATE utf8mb4_unicode_ci NOT NULL,
  `created_at` timestamp NOT NULL DEFAULT CURRENT_TIMESTAMP,
  PRIMARY KEY (`id`),
  UNIQUE KEY `uq_users_email` (`email`)
) ENGINE=InnoDB AUTO_INCREMENT=2 DEFAULT CHARSET=utf8mb4 COLLATE=utf8mb4_unicode_ci;
/*!40101 SET character_set_client = @saved_cs_client */;

--
-- Dumping data for table `users`
--

LOCK TABLES `users` WRITE;
/*!40000 ALTER TABLE `users` DISABLE KEYS */;
INSERT INTO `users` VALUES (1,'Admin Hotel','admin@gmail.com','123456','2026-05-18 22:40:40');
/*!40000 ALTER TABLE `users` ENABLE KEYS */;
UNLOCK TABLES;
SET @@SESSION.SQL_LOG_BIN = @MYSQLDUMP_TEMP_LOG_BIN;
/*!40103 SET TIME_ZONE=@OLD_TIME_ZONE */;

/*!40101 SET SQL_MODE=@OLD_SQL_MODE */;
/*!40014 SET FOREIGN_KEY_CHECKS=@OLD_FOREIGN_KEY_CHECKS */;
/*!40014 SET UNIQUE_CHECKS=@OLD_UNIQUE_CHECKS */;
/*!40101 SET CHARACTER_SET_CLIENT=@OLD_CHARACTER_SET_CLIENT */;
/*!40101 SET CHARACTER_SET_RESULTS=@OLD_CHARACTER_SET_RESULTS */;
/*!40101 SET COLLATION_CONNECTION=@OLD_COLLATION_CONNECTION */;
/*!40111 SET SQL_NOTES=@OLD_SQL_NOTES */;

-- Dump completed on 2026-06-14  8:33:17
